epoch,time,train/box_loss,train/pose_loss,train/kobj_loss,train/cls_loss,train/dfl_loss,train/rle_loss,metrics/precision(B),metrics/recall(B),metrics/mAP50(B),metrics/mAP50-95(B),metrics/precision(P),metrics/recall(P),metrics/mAP50(P),metrics/mAP50-95(P),val/box_loss,val/pose_loss,val/kobj_loss,val/cls_loss,val/dfl_loss,val/rle_loss,lr/pg0,lr/pg1,lr/pg2
1,74.315,2.9251,0.82832,0,2.67643,3.11294,99.5345,0.33561,0.4704,0.28516,0.09449,0.41668,0.53408,0.3746,0.35233,2.29813,0.93865,0,2.29728,2.63342,0,0.000665301,0.000665301,0.0674003
2,136.151,2.28628,0.59914,0,1.97417,2.50812,18.4165,0.44597,0.48313,0.45268,0.15734,0.49338,0.53063,0.5083,0.47503,2.11876,0.9438,0,2.16693,2.3907,0,0.00130559,0.00130559,0.0347072
3,196.78,2.08027,0.64097,0,1.91111,2.29466,16.1402,0.59245,0.57212,0.58729,0.26003,0.60896,0.61578,0.59477,0.57127,1.86584,0.89548,0,1.71111,2.16165,0,0.00191949,0.00191949,0.00198779
4,257.249,2.03031,0.65569,0,1.8364,2.19905,14.8143,0.62099,0.61163,0.56868,0.25463,0.65637,0.62677,0.60444,0.57685,1.8019,0.90269,0,1.72603,2.06814,0,0.0018812,0.0018812,0.0018812
5,317.851,1.94862,0.61368,0,1.8,2.12065,13.9926,0.6104,0.65836,0.62319,0.27434,0.61368,0.67082,0.64368,0.61146,1.81123,0.90634,0,1.6616,2.01132,0,0.0018416,0.0018416,0.0018416
6,378.381,1.94057,0.61501,0,1.74823,2.10369,14.0836,0.70423,0.62802,0.6292,0.29315,0.70394,0.64694,0.64719,0.6171,1.71463,0.8869,0,1.66113,1.94803,0,0.001802,0.001802,0.001802
7,438.862,1.89083,0.6207,0,1.76885,2.04905,14.2501,0.64115,0.63448,0.6655,0.3193,0.61755,0.65317,0.64028,0.61263,1.67735,0.85743,0,1.49197,1.94658,0,0.0017624,0.0017624,0.0017624
8,499.928,1.87258,0.58583,0,1.68414,2.02035,13.5312,0.69534,0.64071,0.70156,0.32961,0.6805,0.68563,0.70164,0.66894,1.76145,0.87345,0,1.61182,1.98802,0,0.0017228,0.0017228,0.0017228
9,561.969,1.8009,0.56763,0,1.6227,1.96539,13.0999,0.78327,0.70553,0.79089,0.39199,0.78228,0.71651,0.75747,0.7293,1.65105,0.85815,0,1.37882,1.89422,0,0.0016832,0.0016832,0.0016832
10,623.969,1.80358,0.51373,0,1.57047,1.93998,12.4975,0.73251,0.70093,0.72349,0.36163,0.74717,0.70197,0.72107,0.69385,1.67862,0.83235,0,1.44688,1.87975,0,0.0016436,0.0016436,0.0016436
11,685.883,1.78701,0.61089,0,1.57467,1.94727,12.99,0.65937,0.71859,0.67417,0.33334,0.66168,0.70613,0.66014,0.62966,1.60075,0.82239,0,1.41954,1.82139,0,0.001604,0.001604,0.001604
12,747.281,1.75572,0.60913,0,1.52478,1.91717,12.8278,0.7805,0.73848,0.80706,0.43611,0.76034,0.73936,0.76814,0.73542,1.57933,0.83925,0,1.29702,1.83001,0,0.0015644,0.0015644,0.0015644
13,808.302,1.73583,0.58087,0,1.51779,1.90277,13.2801,0.77194,0.7134,0.78953,0.41421,0.76874,0.7318,0.77106,0.73906,1.60031,0.83202,0,1.30372,1.84782,0,0.0015248,0.0015248,0.0015248
14,869.333,1.7275,0.58187,0,1.51889,1.89519,12.6494,0.7704,0.7596,0.7818,0.42445,0.74557,0.7487,0.74561,0.71823,1.55803,0.83085,0,1.34165,1.81111,0,0.0014852,0.0014852,0.0014852
15,930.34,1.6794,0.58573,0,1.46413,1.86759,12.3353,0.8092,0.7134,0.80734,0.45661,0.76785,0.72897,0.771,0.74379,1.51662,0.81674,0,1.28174,1.78324,0,0.0014456,0.0014456,0.0014456
16,991.587,1.69544,0.56772,0,1.44581,1.84853,11.8949,0.82655,0.72897,0.82139,0.46679,0.80905,0.73478,0.79054,0.75832,1.50021,0.83348,0,1.22639,1.75387,0,0.001406,0.001406,0.001406
17,1052.89,1.6666,0.53827,0,1.41165,1.82867,11.5416,0.76367,0.75497,0.77823,0.42924,0.77826,0.72891,0.744,0.71659,1.51338,0.80562,0,1.25543,1.75019,0,0.0013664,0.0013664,0.0013664
18,1113.91,1.6479,0.55853,0,1.3709,1.80774,11.3431,0.8086,0.74141,0.81912,0.47993,0.7783,0.73273,0.77478,0.74849,1.45317,0.81082,0,1.19731,1.72257,0,0.0013268,0.0013268,0.0013268
19,1175.38,1.65023,0.55516,0,1.37068,1.80182,11.4625,0.75438,0.77985,0.76868,0.42343,0.72415,0.76324,0.71437,0.68708,1.49562,0.80903,0,1.24937,1.7324,0,0.0012872,0.0012872,0.0012872
20,1236.87,1.62814,0.51151,0,1.35913,1.79294,11.2172,0.84019,0.79164,0.85642,0.48887,0.80972,0.77674,0.80111,0.77424,1.4524,0.80481,0,1.12108,1.69682,0,0.0012476,0.0012476,0.0012476
21,1298.22,1.61199,0.51845,0,1.37062,1.77934,11.1225,0.79277,0.77882,0.81378,0.45702,0.76812,0.75701,0.76899,0.743,1.44215,0.79766,0,1.30802,1.69974,0,0.001208,0.001208,0.001208
22,1359.6,1.62208,0.55709,0,1.36342,1.77862,11.166,0.81166,0.79024,0.84476,0.49636,0.81339,0.75493,0.78301,0.75526,1.43231,0.80376,0,1.12531,1.66917,0,0.0011684,0.0011684,0.0011684
23,1420.83,1.59634,0.54313,0,1.30849,1.75737,10.7533,0.80816,0.77778,0.84728,0.49036,0.78189,0.75567,0.77745,0.74898,1.44525,0.79784,0,1.16237,1.6977,0,0.0011288,0.0011288,0.0011288
24,1481.83,1.57149,0.52854,0,1.29244,1.73686,10.7158,0.81925,0.79071,0.84855,0.48549,0.77561,0.76093,0.77313,0.74674,1.41941,0.78984,0,1.1163,1.6602,0,0.0010892,0.0010892,0.0010892
25,1542.83,1.59206,0.5355,0,1.32472,1.76186,10.739,0.83255,0.7641,0.83552,0.47804,0.81225,0.75182,0.79386,0.76864,1.45864,0.81187,0,1.11048,1.67775,0,0.0010496,0.0010496,0.0010496
26,1603.82,1.57806,0.56027,0,1.28991,1.73169,10.8364,0.83158,0.81205,0.86156,0.51018,0.80202,0.79335,0.80141,0.77326,1.40626,0.78847,0,1.08556,1.64432,0,0.00101,0.00101,0.00101
27,1664.83,1.56089,0.51696,0,1.28027,1.71089,10.5242,0.83351,0.80578,0.85716,0.51672,0.80629,0.78297,0.79726,0.77001,1.38373,0.79253,0,1.05319,1.63639,0,0.0009704,0.0009704,0.0009704
28,1726.08,1.55145,0.48495,0,1.26705,1.71256,10.1732,0.83191,0.77089,0.84268,0.50711,0.77249,0.78979,0.78795,0.76192,1.38322,0.78802,0,1.08945,1.62768,0,0.0009308,0.0009308,0.0009308
29,1787.15,1.55264,0.50914,0,1.2418,1.70567,10.348,0.80946,0.79128,0.82198,0.48613,0.7718,0.77466,0.76715,0.73829,1.40463,0.79015,0,1.14024,1.64083,0,0.0008912,0.0008912,0.0008912
30,1848.09,1.50792,0.50227,0,1.21698,1.68935,10.1915,0.86903,0.81303,0.87428,0.52623,0.82352,0.79543,0.81407,0.78242,1.37341,0.78892,0,1.01967,1.60932,0,0.0008516,0.0008516,0.0008516
31,1909.19,1.5122,0.51293,0,1.21174,1.6785,10.1097,0.87221,0.8162,0.88228,0.52627,0.83341,0.79439,0.81448,0.78952,1.38498,0.80622,0,1.05566,1.61021,0,0.000812,0.000812,0.000812
32,1970.16,1.51437,0.51955,0,1.20024,1.67603,10.0151,0.86815,0.79313,0.87677,0.53082,0.82787,0.77914,0.8101,0.78262,1.36398,0.79557,0,1.03997,1.61033,0,0.0007724,0.0007724,0.0007724
33,2031.18,1.51364,0.49273,0,1.20157,1.67581,9.70412,0.87624,0.80876,0.87627,0.52721,0.83488,0.78297,0.80187,0.7733,1.36728,0.79036,0,1.01813,1.60545,0,0.0007328,0.0007328,0.0007328
34,2092.35,1.50339,0.52884,0,1.17993,1.67758,9.97811,0.87268,0.81851,0.87736,0.52956,0.8421,0.80997,0.81883,0.79104,1.36229,0.79679,0,1.05889,1.61475,0,0.0006932,0.0006932,0.0006932
35,2153.25,1.49155,0.49313,0,1.17427,1.65727,9.71647,0.87013,0.81412,0.88518,0.53363,0.83877,0.79543,0.82127,0.79253,1.3512,0.80129,0,1.02101,1.59195,0,0.0006536,0.0006536,0.0006536
36,2214.17,1.47529,0.49119,0,1.14196,1.64019,9.45278,0.9018,0.81059,0.89015,0.54741,0.83307,0.80166,0.82124,0.79274,1.3344,0.79665,0,0.97477,1.57105,0,0.000614,0.000614,0.000614
37,2275.37,1.47677,0.51938,0,1.14602,1.64044,9.62604,0.88825,0.83281,0.89098,0.55558,0.85613,0.80582,0.82128,0.79402,1.32229,0.80855,0,0.97037,1.57002,0,0.0005744,0.0005744,0.0005744
38,2336.38,1.48328,0.49617,0,1.15381,1.65477,9.64959,0.85201,0.83074,0.88783,0.54513,0.81833,0.80997,0.81994,0.79011,1.34377,0.78894,0,0.99086,1.58492,0,0.0005348,0.0005348,0.0005348
39,2397.38,1.469,0.45803,0,1.14803,1.64046,9.34981,0.834,0.84631,0.86939,0.53562,0.80432,0.8162,0.80192,0.77554,1.32587,0.79592,0,0.97769,1.57257,0,0.0004952,0.0004952,0.0004952
40,2458.4,1.45627,0.5231,0,1.12018,1.6247,9.60562,0.88088,0.82937,0.88728,0.55662,0.8493,0.79004,0.82656,0.79899,1.29995,0.79635,0,0.98096,1.5415,0,0.0004556,0.0004556,0.0004556
41,2519.4,1.42973,0.45921,0,1.1093,1.60736,9.2162,0.85449,0.82866,0.85889,0.5363,0.8246,0.80374,0.79265,0.76584,1.31036,0.79526,0,0.97899,1.54183,0,0.000416,0.000416,0.000416
42,2580.4,1.43889,0.5274,0,1.11085,1.61375,9.62792,0.88368,0.83178,0.88917,0.55403,0.8361,0.80519,0.82142,0.79454,1.29478,0.78777,0,0.96931,1.53498,0,0.0003764,0.0003764,0.0003764
43,2641.45,1.42316,0.54379,0,1.08494,1.60772,9.55093,0.85399,0.85032,0.89014,0.55686,0.84559,0.8132,0.81931,0.7931,1.29472,0.78844,0,0.94231,1.54055,0,0.0003368,0.0003368,0.0003368
44,2702.4,1.44059,0.51865,0,1.10018,1.61124,9.2837,0.85796,0.84675,0.89002,0.56027,0.83786,0.80685,0.82006,0.79423,1.29772,0.78499,0,0.95006,1.53903,0,0.0002972,0.0002972,0.0002972
45,2763.39,1.41709,0.48132,0,1.09609,1.60266,9.0746,0.88871,0.83756,0.90247,0.56675,0.83956,0.82055,0.82759,0.8004,1.29526,0.78492,0,0.91193,1.54011,0,0.0002576,0.0002576,0.0002576
46,2828.79,1.33797,0.67271,0,0.96979,1.55345,9.9637,0.85758,0.83385,0.88707,0.55339,0.83495,0.81947,0.82432,0.79646,1.30687,0.78357,0,0.92842,1.54304,0,0.000218,0.000218,0.000218
47,2889.77,1.30319,0.64798,0,0.94096,1.51892,9.71297,0.89187,0.8297,0.89211,0.55906,0.85087,0.82035,0.8237,0.79608,1.30588,0.78162,0,0.91264,1.53524,0,0.0001784,0.0001784,0.0001784
48,2950.37,1.31863,0.65727,0,0.93393,1.53865,9.69198,0.88428,0.84109,0.89241,0.56191,0.84852,0.81931,0.82377,0.79742,1.28552,0.79049,0,0.91109,1.52546,0,0.0001388,0.0001388,0.0001388
49,3011.17,1.29177,0.64235,0,0.91478,1.5163,9.57958,0.88679,0.83784,0.89191,0.56249,0.85194,0.82347,0.82391,0.79656,1.28522,0.78405,0,0.90091,1.52195,0,9.92e-05,9.92e-05,9.92e-05
50,3071.87,1.29373,0.65389,0,0.91334,1.51929,9.71641,0.88598,0.83178,0.89172,0.56305,0.85516,0.81545,0.82534,0.79805,1.29047,0.78636,0,0.89978,1.52781,0,5.96e-05,5.96e-05,5.96e-05
